incident_zip,month,hours_elapsed
83.0,4,1.1994444444444445
83.0,5,0.2654166666666667
83.0,6,1.1813888888888888
10000.0,1,26.121666666666666
10000.0,2,58.97623456790123
10000.0,3,116.62283333333335
10000.0,4,0.8078073286052009
10000.0,5,1.7456851851851847
10000.0,6,13.501230158730152
10000.0,7,86.08411764705885
10000.0,8,87.12808479532164
10000.0,9,44.606301169590644
10001.0,1,42.88410451547437
10001.0,2,50.809385774301056
10001.0,3,98.89462458745871
10001.0,4,147.01561447811432
10001.0,5,190.92777093783272
10001.0,6,137.98654250601808
10001.0,7,53.570247807017495
10001.0,8,86.93194387052351
10001.0,9,92.01702679317334
10002.0,1,39.92341619981327
10002.0,2,63.3518865829703
10002.0,3,74.2017966763132
10002.0,4,56.57416841212844
10002.0,5,100.10729174272842
10002.0,6,99.19287113708954
10002.0,7,108.08199864498654
10002.0,8,105.34653541260576
10002.0,9,88.12332667533748
10003.0,1,41.471363159472446
10003.0,2,61.225939847516635
10003.0,3,83.31346092503978
10003.0,4,102.47855902777789
10003.0,5,162.87100019718042
10003.0,6,193.7795115826156
10003.0,7,106.3285911355519
10003.0,8,119.60422311468086
10003.0,9,145.3076664562291
10004.0,1,20.636294261294275
10004.0,2,37.461492650237794
10004.0,3,140.6563680555555
10004.0,4,73.76597046413502
10004.0,5,141.97547582304526
10004.0,6,127.39722379158806
10004.0,7,71.4596284935242
10004.0,8,94.14943917018284
10004.0,9,196.78120967741924
10005.0,1,13.539992319508446
10005.0,2,38.087380824372794
10005.0,3,68.83591815097542
10005.0,4,118.93670411985023
10005.0,5,235.60207391713735
10005.0,6,248.6302247474748
10005.0,7,114.3926093613298
10005.0,8,93.90463969404183
10005.0,9,105.79613756613759
10006.0,1,20.255274470899472
10006.0,2,32.958611111111104
10006.0,3,69.66663832199545
10006.0,4,212.8209343434343
10006.0,5,95.83930555555558
10006.0,6,148.0307147696477
10006.0,7,54.2695442286947
10006.0,8,178.61956997863246
10006.0,9,86.65019943019942
10007.0,1,18.095675740210112
10007.0,2,42.91134512937601
10007.0,3,80.11963352007471
10007.0,4,145.36513729246494
10007.0,5,185.77348967057515
10007.0,6,103.11089640365002
10007.0,7,95.483850016197
10007.0,8,180.67813509544786
10007.0,9,182.25623130341867
10009.0,1,33.17081734829288
10009.0,2,64.05509805583807
10009.0,3,63.95665352546666
10009.0,4,43.37633770491802
10009.0,5,66.9714139433552
10009.0,6,99.93307663481365
10009.0,7,118.54811999417504
10009.0,8,78.69328324766042
10009.0,9,110.46737277503337
10010.0,1,47.35929796780149
10010.0,2,79.35470871913577
10010.0,3,77.7431224362404
10010.0,4,82.66350523435639
10010.0,5,204.3956209981168
10010.0,6,96.51209081556297
10010.0,7,108.83137486427799
10010.0,8,111.70456274097441
10010.0,9,125.66816069383087
10011.0,1,40.623550548112036
10011.0,2,75.26722460658084
10011.0,3,89.97180267263587
10011.0,4,102.05177135468794
10011.0,5,143.68552227342548
10011.0,6,157.40594449700396
10011.0,7,153.7989434271504
10011.0,8,134.8822185032614
10011.0,9,109.87073380465304
10012.0,1,37.91876693766944
10012.0,2,56.08603356890459
10012.0,3,89.78516356749306
10012.0,4,114.23536940081439
10012.0,5,154.96844135802468
10012.0,6,153.9485363872647
10012.0,7,128.65521994535504
10012.0,8,149.30085502283103
10012.0,9,183.07694874551973
10013.0,1,42.84869097222225
10013.0,2,57.52035300925922
10013.0,3,102.5570019597818
10013.0,4,93.87675292040201
10013.0,5,85.88212791783377
10013.0,6,150.28986653999277
10013.0,7,100.21814826260137
10013.0,8,107.05087618203308
10013.0,9,89.39454004074591
10014.0,1,54.81025051921081
10014.0,2,62.92600580689894
10014.0,3,107.40378148148162
10014.0,4,117.02441732629727
10014.0,5,98.17451671511645
10014.0,6,138.81936304534707
10014.0,7,109.03674710773677
10014.0,8,147.9840913103797
10014.0,9,196.69764126441123
10016.0,1,36.723146955181
10016.0,2,53.1530844527749
10016.0,3,69.88858740228109
10016.0,4,84.89619885057456
10016.0,5,173.36904490828667
10016.0,6,161.27475228126715
10016.0,7,111.82021281800381
10016.0,8,124.11761194029852
10016.0,9,183.31897065984916
10017.0,1,43.03382967607105
10017.0,2,58.28152647975081
10017.0,3,106.80693486590047
10017.0,4,238.01697094621127
10017.0,5,306.26611684693563
10017.0,6,180.13875482253073
10017.0,7,169.39375159642387
10017.0,8,163.49714310285526
10017.0,9,171.79765306122442
10018.0,1,41.16955325548478
10018.0,2,46.16934604346045
10018.0,3,124.73463308457717
10018.0,4,122.47880123456797
10018.0,5,344.2297114632236
10018.0,6,167.6191775294846
10018.0,7,72.49608040201005
10018.0,8,74.75954191919192
10018.0,9,90.09936878306871
10019.0,1,44.738757353757364
10019.0,2,61.56680408115124
10019.0,3,81.14472452170713
10019.0,4,133.8848929177268
10019.0,5,57.993782188363205
10019.0,6,179.80131129104802
10019.0,7,89.96725474254737
10019.0,8,84.12852204783267
10019.0,9,98.48908188779492
10020.0,1,41.174
10020.0,2,92.0128497942387
10020.0,3,35.18086805555556
10020.0,4,0.25125000000000003
10020.0,5,271.89185185185187
10020.0,6,487.39977124183
10020.0,7,54.54731481481482
10020.0,8,69.59283950617284
10020.0,9,11.679242424242425
10021.0,1,45.01267676767677
10021.0,2,94.39333914053427
10021.0,3,90.48278602044186
10021.0,4,117.87428060768556
10021.0,5,121.76133441091953
10021.0,6,178.79767594108014
10021.0,7,155.08363072639855
10021.0,8,145.17725188781012
10021.0,9,293.9132352520043
10022.0,1,39.51881069958842
10022.0,2,72.66716037735854
10022.0,3,92.61769285208773
10022.0,4,214.29782634628506
10022.0,5,184.63274066797632
10022.0,6,191.0113608515057
10022.0,7,123.86501630679253
10022.0,8,169.21709413580248
10022.0,9,149.90908037288997
10023.0,1,37.86957797772064
10023.0,2,64.165030325085
10023.0,3,90.67974376417236
10023.0,4,108.15745393634846
10023.0,5,94.09914963148378
10023.0,6,122.5919708550833
10023.0,7,84.67383846820091
10023.0,8,92.80723428702744
10023.0,9,134.19379552099937
10024.0,1,41.9182256986228
10024.0,2,77.13775429851185
10024.0,3,96.12025817484148
10024.0,4,97.63148687664028
10024.0,5,86.94260986488258
10024.0,6,151.0225103007827
10024.0,7,140.59040385295154
10024.0,8,120.16818543799793
10024.0,9,84.57665045121252
10025.0,1,48.17112420917356
10025.0,2,79.89585027726432
10025.0,3,81.90682139470744
10025.0,4,90.70397737455195
10025.0,5,54.31631758669507
10025.0,6,158.51327056013014
10025.0,7,129.83094595522613
10025.0,8,146.0359037940379
10025.0,9,97.78755565376798
10026.0,1,32.25480169440694
10026.0,2,80.87429281537175
10026.0,3,79.79535519125697
10026.0,4,48.79871614781059
10026.0,5,41.88532044969641
10026.0,6,82.48083415273673
10026.0,7,91.40778124134127
10026.0,8,115.06278211805534
10026.0,9,69.4553625679302
10027.0,1,45.299740757439125
10027.0,2,61.159898989899105
10027.0,3,93.05755888888893
10027.0,4,49.82057640570343
10027.0,5,72.12649542739831
10027.0,6,97.34457084468653
10027.0,7,138.37907239493387
10027.0,8,146.58333580420265
10027.0,9,107.86099673202617
10028.0,1,46.01827437393629
10028.0,2,95.83858229598901
10028.0,3,100.76260378510368
10028.0,4,79.67930764236687
10028.0,5,41.86217385620917
10028.0,6,100.22072482638863
10028.0,7,106.174494047619
10028.0,8,94.19417953929535
10028.0,9,175.52384401709412
10029.0,1,38.26708954820575
10029.0,2,70.10354316922763
10029.0,3,62.897962809917466
10029.0,4,52.66602401318722
10029.0,5,54.37771328293747
10029.0,6,84.84641123982456
10029.0,7,116.56906356509884
10029.0,8,93.24731933842251
10029.0,9,126.49012195509759
10030.0,1,54.0151356183499
10030.0,2,66.3238824289405
10030.0,3,89.08609327626179
10030.0,4,32.070783417162026
10030.0,5,68.30815570477505
10030.0,6,105.14806249154141
10030.0,7,221.138601239443
10030.0,8,163.35219084146868
10030.0,9,184.2725991338476
10031.0,1,45.59310465116285
10031.0,2,78.49867720541464
10031.0,3,73.50040051234986
10031.0,4,35.81745036399747
10031.0,5,68.80145149624825
10031.0,6,107.34609774699119
10031.0,7,89.23620195667365
10031.0,8,104.70546372036654
10031.0,9,101.54351448844464
10032.0,1,36.28956562121999
10032.0,2,74.25912082425559
10032.0,3,66.13711426000894
10032.0,4,43.9237217394803
10032.0,5,60.62102693955503
10032.0,6,76.7262999533146
10032.0,7,74.18028137886228
10032.0,8,71.62420049751252
10032.0,9,170.852077723928
10033.0,1,42.3186061296138
10033.0,2,78.3604356959272
10033.0,3,76.81771780303009
10033.0,4,52.22022585893391
10033.0,5,53.596975790316044
10033.0,6,135.22632438032682
10033.0,7,97.83177285318564
10033.0,8,76.13585511723706
10033.0,9,182.0304416363516
10034.0,1,35.18126144255056
10034.0,2,63.50348939057497
10034.0,3,88.50611809630269
10034.0,4,55.69962319958848
10034.0,5,31.251117693995656
10034.0,6,69.88116875712632
10034.0,7,54.649488634664124
10034.0,8,41.48539413714526
10034.0,9,91.99885149572648
10035.0,1,43.9733516811743
10035.0,2,76.34957805325986
10035.0,3,83.15255871725378
10035.0,4,79.28419814584193
10035.0,5,96.90281997540811
10035.0,6,167.36091541267675
10035.0,7,156.75587350165785
10035.0,8,105.42151515151521
10035.0,9,111.17500206197724
10036.0,1,45.56020625692142
10036.0,2,81.95955152671746
10036.0,3,134.62761412198904
10036.0,4,191.14907156673124
10036.0,5,137.17246548569526
10036.0,6,155.15254035776627
10036.0,7,85.44545677361846
10036.0,8,131.33794673897935
10036.0,9,116.36609339665308
10037.0,1,56.48383193130041
10037.0,2,52.3877767215885
10037.0,3,71.37901868025233
10037.0,4,36.12210849186658
10037.0,5,31.075946422428647
10037.0,6,98.11291304105319
10037.0,7,155.01465913480118
10037.0,8,147.5821218164009
10037.0,9,75.85204293935365
10038.0,1,15.924301957397812
10038.0,2,33.8866854822737
10038.0,3,68.38735815602834
10038.0,4,81.95403877484522
10038.0,5,48.916539522058834
10038.0,6,117.66797419804736
10038.0,7,94.2554586683158
10038.0,8,84.80970833333338
10038.0,9,137.66406961178046
10039.0,1,42.345474304286
10039.0,2,115.50398786181145
10039.0,3,88.74666392414983
10039.0,4,40.49441299790357
10039.0,5,60.36645234395248
10039.0,6,155.48836217095536
10039.0,7,138.6825216049383
10039.0,8,142.61253379805646
10039.0,9,119.26357207381592
10040.0,1,31.872392698412703
10040.0,2,56.18301710777293
10040.0,3,55.0372600702893
10040.0,4,34.341014535167304
10040.0,5,25.957601473922942
10040.0,6,68.70537365978554
10040.0,7,36.1386007074489
10040.0,8,51.36504268374021
10040.0,9,138.40328889554613
10041.0,1,0.9603703703703704
10041.0,2,0.0
10041.0,3,514.0544444444445
10041.0,4,0.055
10041.0,6,9.68861111111111
10041.0,7,116.81048611111112
10041.0,8,25.04652777777778
10041.0,9,11.008
10044.0,1,41.801944444444445
10044.0,2,36.10912698412698
10044.0,3,120.44786324786325
10044.0,4,26.69028395061728
10044.0,5,40.80710317460318
10044.0,6,174.5876099537037
10044.0,7,89.5129475308642
10044.0,8,114.47143229166667
10044.0,9,222.27045833333335
10045.0,1,35.85861111111111
10045.0,2,1.5197222222222222
10045.0,3,288.0002777777778
10045.0,4,0.15694444444444444
10045.0,5,1.0094444444444444
10045.0,9,306.90037037037035
10048.0,8,0.2086111111111111
10048.0,9,7.65
10055.0,3,166.79861111111111
10055.0,9,230.31333333333333
10065.0,1,43.39614403917599
10065.0,2,85.65246809835048
10065.0,3,89.42597132034638
10065.0,4,129.8394249823073
10065.0,5,119.68688280499518
10065.0,6,172.1208101851851
10065.0,7,91.77272741580103
10065.0,8,138.75258388338844
10065.0,9,138.20402551328507
10069.0,1,54.7653888888889
10069.0,2,109.53324074074071
10069.0,3,107.49966666666667
10069.0,4,40.81768518518517
10069.0,5,58.307404513888876
10069.0,6,157.7590432098765
10069.0,7,77.80111111111111
10069.0,8,131.00881944444444
10069.0,9,61.30932870370372
10075.0,1,53.156712164750935
10075.0,2,133.8856366120218
10075.0,3,111.04517109500812
10075.0,4,88.56872414622407
10075.0,5,348.326375186846
10075.0,6,183.82176565377526
10075.0,7,179.69511226252163
10075.0,8,178.17015704750685
10075.0,9,205.4122596333707
10103.0,1,0.7603703703703704
10103.0,2,28.504325396825397
10103.0,3,0.35944444444444446
10103.0,4,1694.8216666666667
10103.0,5,0.021111111111111112
10103.0,6,0.0
10103.0,8,31.811759259259258
10103.0,9,2.7198611111111113
10105.0,1,103.34796296296294
10105.0,3,44.496944444444445
10105.0,4,0.12472222222222222
10105.0,5,2.05375
10105.0,6,2159.318888888889
10105.0,7,69.4225
10105.0,8,0.7172222222222222
10105.0,9,4.6752777777777785
10106.0,2,1.3
10106.0,3,60.316666666666656
10106.0,4,0.6466666666666666
10107.0,3,18.682954545454546
10107.0,5,21.411527777777778
10107.0,8,2.859583333333333
10110.0,1,12.721666666666666
10110.0,2,90.08972222222222
10110.0,4,1243.0841666666668
10110.0,7,2.3223611111111113
10111.0,3,1.2661111111111112
10111.0,4,360.8675694444444
10111.0,5,0.0575
10111.0,7,3.5005555555555556
10111.0,8,995.7411111111111
10112.0,2,0.15305555555555556
10112.0,3,816.3588888888889
10112.0,4,43.39333333333334
10112.0,6,24.920277777777777
10112.0,7,2.069166666666667
10112.0,8,425.5566666666667
10112.0,9,146.0914814814815
10115.0,3,171.98694444444445
10115.0,5,352.6045833333334
10115.0,7,121.61666666666666
10115.0,8,388.25444444444446
10118.0,1,100.93061111111112
10118.0,2,40.20291666666667
10118.0,3,30.24361111111111
10118.0,4,2122.947222222222
10118.0,6,635.2755555555556
10118.0,7,30.953611111111112
10118.0,8,34.76833333333333
10119.0,1,125.4723611111111
10119.0,2,20.524675925925926
10119.0,3,22.578125
10119.0,4,871.3844444444445
10119.0,5,7.911277777777778
10119.0,6,1.2499259259259259
10119.0,7,3.233763888888889
10119.0,8,4.076319444444445
10119.0,9,6.91381313131313
10120.0,1,5.689259259259259
10120.0,2,10.325000000000001
10120.0,3,78.9462962962963
10120.0,4,3.2676388888888894
10120.0,5,841.4775925925925
10120.0,6,0.22231481481481483
10120.0,7,78.46645833333332
10120.0,8,92.75458333333334
10121.0,1,21.798503086419757
10121.0,2,159.36450617283953
10121.0,3,580.9668434343434
10121.0,4,745.8793576388888
10121.0,5,856.5087500000001
10121.0,6,697.8670634920634
10121.0,7,13.785555555555554
10121.0,8,201.836875
10121.0,9,132.13179487179488
10122.0,2,0.7341666666666666
10122.0,3,89.16388888888889
10122.0,4,0.0
10122.0,5,1151.4431944444443
10122.0,7,39.75777777777778
10123.0,1,6.735722222222222
10123.0,2,3.009097222222222
10123.0,4,0.05333333333333334
10123.0,6,1.7075
10123.0,7,6.48125
10123.0,8,0.19
10123.0,9,0.4410185185185185
10128.0,1,50.915210367271015
10128.0,2,95.76211959193712
10128.0,3,91.82095069700691
10128.0,4,84.69309736157564
10128.0,5,65.16138023409165
10128.0,6,177.85273838141055
10128.0,7,129.53100544824179
10128.0,8,158.71712072649575
10128.0,9,158.04252890456607
10151.0,1,2.854722222222222
10151.0,7,0.2922222222222222
10151.0,8,0.24481481481481485
10151.0,9,2.2670833333333333
10152.0,1,16.92888888888889
10152.0,2,22.036527777777778
10152.0,3,168.00027777777777
10152.0,6,2228.199722222222
10152.0,9,11.367777777777778
10153.0,6,48.755
10153.0,7,65.6676984126984
10153.0,8,0.19111111111111112
10154.0,1,3.1352777777777776
10154.0,3,33.675370370370366
10154.0,6,757.9572222222223
10154.0,7,550.7473611111111
10154.0,8,24.878680555555555
10154.0,9,0.5769444444444445
10155.0,1,4.200555555555556
10155.0,3,35.92625
10155.0,4,761.0448611111111
10155.0,6,1.6047222222222222
10155.0,8,0.6133333333333333
10158.0,3,24.0
10158.0,4,1570.8972222222221
10158.0,8,0.07111111111111111
10162.0,1,14.369305555555556
10162.0,3,10.61088888888889
10162.0,4,0.44125000000000003
10162.0,5,18.494027777777777
10162.0,6,0.2689814814814815
10162.0,7,49.49488095238096
10162.0,8,27.00787037037037
10162.0,9,0.15555555555555556
10165.0,1,2.1827777777777775
10165.0,2,359.0779166666667
10165.0,4,0.5296296296296297
10165.0,6,971.1036111111111
10165.0,7,63.98833333333334
10165.0,8,15.597962962962965
10166.0,1,0.44055555555555553
10166.0,5,0.04027777777777778
10167.0,7,2.4780555555555557
10168.0,1,2.6275
10168.0,2,259.8418750000001
10168.0,3,102.35388888888889
10168.0,4,221.72462962962962
10168.0,5,1087.7504166666668
10168.0,6,0.3711111111111111
10168.0,7,0.17324074074074072
10168.0,9,4.25111111111111
10169.0,1,7.814783950617285
10169.0,2,2.4086805555555557
10169.0,3,12.370291666666667
10169.0,4,18.61760416666667
10169.0,5,8.437173202614378
10169.0,6,7.270022222222223
10169.0,7,8.826456916099776
10169.0,8,12.358008385744233
10169.0,9,4.600608747044918
10170.0,1,121.98333333333333
10170.0,2,25.741944444444446
10170.0,4,0.1688888888888889
10170.0,6,15.895833333333334
10170.0,7,21.861944444444443
10170.0,8,94.34691919191918
10170.0,9,0.1257638888888889
10171.0,1,127.29777777777778
10171.0,3,23.333333333333332
10171.0,5,33.09097222222222
10171.0,9,22.296944444444446
10172.0,1,16.50138888888889
10172.0,2,0.0
10172.0,3,47.79895833333333
10172.0,7,143.8711111111111
10173.0,1,47.89472222222222
10173.0,4,0.44
10173.0,5,18.0
10173.0,7,9.09
10173.0,8,0.6055555555555555
10173.0,9,8.531666666666666
10174.0,4,275.97314814814814
10174.0,5,0.09944444444444445
10174.0,9,83.24277777777777
10175.0,7,2.0052777777777777
10176.0,3,79.58583333333333
10176.0,4,232.04111111111112
10177.0,1,290.57
10177.0,2,1017.8947222222222
10177.0,3,52.863055555555555
10177.0,5,0.555
10177.0,6,0.14722222222222223
10177.0,7,21.18027777777778
10177.0,9,4.6075
10178.0,1,108.91324074074073
10178.0,6,324.3263095238095
10178.0,7,0.21291666666666667
10178.0,8,37.27694444444444
10178.0,9,0.2927777777777778
10179.0,2,42.199629629629634
10179.0,4,1354.2410185185186
10179.0,6,0.3869444444444444
10271.0,2,0.4211111111111111
10271.0,3,9.091388888888888
10271.0,4,1996.1293055555557
10271.0,5,1494.2177777777779
10271.0,6,4.426527777777778
10271.0,7,3.305555555555556
10271.0,8,0.0
10278.0,1,69.83231481481482
10278.0,2,4.19212962962963
10278.0,3,518.7936111111111
10278.0,4,12.531722222222223
10278.0,5,64.68787037037036
10278.0,6,60.00479166666666
10278.0,7,9.368958333333333
10278.0,8,10.667944444444442
10278.0,9,14.808333333333334
10279.0,1,23.529884259259262
10279.0,2,15.564226190476193
10279.0,3,722.75
10279.0,4,0.21375
10279.0,5,437.6571666666667
10279.0,6,0.17194444444444446
10279.0,7,7.58638888888889
10279.0,8,34.234722222222224
10279.0,9,205.4613888888889
10280.0,1,28.025666666666666
10280.0,2,42.113166666666665
10280.0,3,57.61860000000001
10280.0,4,96.12974358974358
10280.0,5,90.51521494708994
10280.0,6,62.010433604336036
10280.0,7,35.81803523035231
10280.0,8,16.55154195011338
10280.0,9,114.05657706093189
10281.0,1,10.08574074074074
10281.0,2,20.70277777777778
10281.0,3,665.1270833333333
10281.0,4,653.28125
10281.0,5,216.48393518518515
10281.0,6,350.33905555555555
10281.0,7,210.6108333333333
10281.0,8,43.484365079365084
10281.0,9,0.5485416666666667
10282.0,1,22.34258064516129
10282.0,2,92.35930555555557
10282.0,3,99.31894736842106
10282.0,4,49.4931831831832
10282.0,5,25.399227430555563
10282.0,6,61.846511111111106
10282.0,7,43.613037037037046
10282.0,8,45.01039351851852
10282.0,9,141.81603968253964
10301.0,1,45.005888967803024
10301.0,2,77.04471649090624
10301.0,3,61.75149049605934
10301.0,4,82.2447471098265
10301.0,5,83.53110275205775
10301.0,6,75.38686297852456
10301.0,7,114.16291992696934
10301.0,8,154.27714511257562
10301.0,9,180.2152583304307
10302.0,1,46.93424019607844
10302.0,2,61.91240086045636
10302.0,3,130.66851432442888
10302.0,4,107.43740237520117
10302.0,5,81.55715298631962
10302.0,6,106.05852725366879
10302.0,7,178.47687484324027
10302.0,8,160.08092840778923
10302.0,9,244.26580002149132
10303.0,1,41.652604979561524
10303.0,2,57.698744131455406
10303.0,3,76.19748885918005
10303.0,4,54.02292735042729
10303.0,5,88.45091311437227
10303.0,6,84.15142258382647
10303.0,7,132.57810598419908
10303.0,8,182.19815966539392
10303.0,9,166.51276841448185
10304.0,1,35.43265097609924
10304.0,2,69.27250542888167
10304.0,3,89.4758663366337
10304.0,4,72.1101666666666
10304.0,5,125.13978492271801
10304.0,6,113.56345167498971
10304.0,7,120.1617102785212
10304.0,8,170.79932142526206
10304.0,9,263.05821944444455
10305.0,1,34.418386404697344
10305.0,2,60.822129629629636
10305.0,3,72.48210495143334
10305.0,4,45.34710270359387
10305.0,5,76.46329760466982
10305.0,6,88.11496764837128
10305.0,7,98.2283017377567
10305.0,8,160.46134977938218
10305.0,9,198.2275829296931
10306.0,1,41.70767215568861
10306.0,2,50.9822979480736
10306.0,3,66.07483519034359
10306.0,4,88.88456335109537
10306.0,5,87.82165232974911
10306.0,6,73.18376530255324
10306.0,7,97.0516442199776
10306.0,8,159.27795167628128
10306.0,9,276.60546892980415
10307.0,1,60.86627420998982
10307.0,2,63.52947016460909
10307.0,3,101.40991319444441
10307.0,4,119.09486781609198
10307.0,5,74.07570719269995
10307.0,6,56.4685231626611
10307.0,7,66.53595355436082
10307.0,8,120.31326882210085
10307.0,9,163.77792772861358
10308.0,1,36.7743182707355
10308.0,2,54.19647841365461
10308.0,3,94.18241619585697
10308.0,4,83.09472645234067
10308.0,5,58.479589552238835
10308.0,6,72.59651576316796
10308.0,7,60.6542037810253
10308.0,8,128.9963303588564
10308.0,9,246.01198996265185
10309.0,1,55.38349744711884
10309.0,2,64.93137100619931
10309.0,3,95.83192662971766
10309.0,4,78.94972222222225
10309.0,5,91.83244695414106
10309.0,6,93.94212602032309
10309.0,7,91.06429203539824
10309.0,8,161.6922894040657
10309.0,9,239.57261073573585
10310.0,1,34.78894808743168
10310.0,2,51.20080705705707
10310.0,3,71.32158119658116
10310.0,4,67.54952427500815
10310.0,5,68.07925240054873
10310.0,6,65.93897599550415
10310.0,7,101.44007494977582
10310.0,8,136.6968276374444
10310.0,9,199.08700677886858
10312.0,1,39.17797246558199
10312.0,2,52.307165580384826
10312.0,3,91.85510599415197
10312.0,4,88.12933181016514
10312.0,5,75.29733247761976
10312.0,6,103.71076121164417
10312.0,7,106.64889399183522
10312.0,8,133.90590776730798
10312.0,9,253.18935614272797
10314.0,1,38.6830560986206
10314.0,2,55.76209114840405
10314.0,3,67.96876004311198
10314.0,4,88.60475710594321
10314.0,5,96.99710527698939
10314.0,6,80.8729471498247
10314.0,7,100.01024823943658
10314.0,8,118.22411699107867
10314.0,9,207.03588248436097
10451.0,1,41.29892524723665
10451.0,2,71.07885063752278
10451.0,3,78.02954524388822
10451.0,4,87.64886377903335
10451.0,5,89.77516644979424
10451.0,6,182.16755518177558
10451.0,7,79.91258722300793
10451.0,8,99.07374142661213
10451.0,9,107.58261583679129
10452.0,1,41.72960607094131
10452.0,2,113.58185124402316
10452.0,3,101.00211851188119
10452.0,4,61.04921007407421
10452.0,5,107.98930018275986
10452.0,6,196.71769365892325
10452.0,7,86.20008451498317
10452.0,8,87.66284294538964
10452.0,9,95.96977063492052
10453.0,1,45.201057800224454
10453.0,2,101.6199678325158
10453.0,3,114.1282239493379
10453.0,4,71.4311943238463
10453.0,5,120.90481106287213
10453.0,6,152.98942932489427
10453.0,7,53.716512202599866
10453.0,8,83.49050342456256
10453.0,9,107.04368725540233
10454.0,1,44.05355689964159
10454.0,2,85.40844426695065
10454.0,3,80.08398160126492
10454.0,4,128.7074011909435
10454.0,5,115.5128019593254
10454.0,6,171.70176427622803
10454.0,7,96.4561789613304
10454.0,8,95.67922387314749
10454.0,9,123.46234092289016
10455.0,1,42.88091632560256
10455.0,2,79.93406389301636
10455.0,3,79.95084642955607
10455.0,4,62.34935871472932
10455.0,5,84.92899367338867
10455.0,6,139.2910749596449
10455.0,7,97.47666201017265
10455.0,8,102.49270170753444
10455.0,9,118.21702514516302
10456.0,1,35.23631681856378
10456.0,2,87.07906558695161
10456.0,3,89.74844432281223
10456.0,4,81.2590706589993
10456.0,5,154.05807951542783
10456.0,6,174.2752457110786
10456.0,7,101.03546503660404
10456.0,8,112.87417846070917
10456.0,9,125.50959063117729
10457.0,1,52.138522443890345
10457.0,2,75.28739109326621
10457.0,3,82.84174566317766
10457.0,4,69.34206288622312
10457.0,5,126.40811732065042
10457.0,6,136.28823987847542
10457.0,7,62.096198247943974
10457.0,8,67.50877578015329
10457.0,9,114.3011407514217
10458.0,1,44.22116189176895
10458.0,2,83.21184086021503
10458.0,3,110.891737175847
10458.0,4,89.92477824463118
10458.0,5,136.8977678905455
10458.0,6,205.46371392160881
10458.0,7,117.26319032001562
10458.0,8,127.09875780752041
10458.0,9,101.58606959794975
10459.0,1,38.323582579037144
10459.0,2,98.30221548581403
10459.0,3,99.88456823027721
10459.0,4,101.90699521785334
10459.0,5,153.8807217556952
10459.0,6,233.20866803767265
10459.0,7,153.47468619246862
10459.0,8,138.29212636825068
10459.0,9,148.49400529644842
10460.0,1,41.89348777777779
10460.0,2,73.63848493489202
10460.0,3,99.5474519947803
10460.0,4,84.13307956422962
10460.0,5,144.45926082332323
10460.0,6,196.62323475721075
10460.0,7,82.70388516247199
10460.0,8,125.30000011205205
10460.0,9,108.00758516898823
10461.0,1,39.24497878086427
10461.0,2,83.27690084586465
10461.0,3,104.5737731481482
10461.0,4,83.59095881702613
10461.0,5,130.78987011755788
10461.0,6,161.92651945814745
10461.0,7,101.73381818497661
10461.0,8,140.54263122136837
10461.0,9,204.98745729990003
10462.0,1,38.99809852430546
10462.0,2,66.78732353934488
10462.0,3,69.9823818700258
10462.0,4,67.38197873324091
10462.0,5,111.48149224438133
10462.0,6,194.8900866462787
10462.0,7,85.03523121753467
10462.0,8,105.20903331512847
10462.0,9,162.25002124075294
10463.0,1,34.13525874280658
10463.0,2,62.858195156695
10463.0,3,79.09955772928691
10463.0,4,57.63733943241222
10463.0,5,71.84787835249055
10463.0,6,87.31427340012657
10463.0,7,75.9536452056244
10463.0,8,113.38182804818074
10463.0,9,137.91244303599368
10464.0,1,27.43121855345912
10464.0,2,39.46378352490421
10464.0,3,90.41579365079362
10464.0,4,27.963523035230352
10464.0,5,84.66644857667588
10464.0,6,109.25449074074078
10464.0,7,56.788000892458754
10464.0,8,180.21478933631613
10464.0,9,212.1482222222221
10465.0,1,32.412310967844626
10465.0,2,44.37939814814816
10465.0,3,76.65311076604561
10465.0,4,58.25198424543949
10465.0,5,74.48633883883882
10465.0,6,98.62328257730215
10465.0,7,74.21271685761047
10465.0,8,142.3009740906826
10465.0,9,144.90689165537486
10466.0,1,51.74797706470832
10466.0,2,103.01768257261425
10466.0,3,83.12667063825812
10466.0,4,17.321438310608613
10466.0,5,29.286049982158367
10466.0,6,48.49382666977569
10466.0,7,30.800869111360328
10466.0,8,24.142674123686255
10466.0,9,22.987888933982738
10467.0,1,45.36843565759642
10467.0,2,104.42964420618331
10467.0,3,141.70611217223208
10467.0,4,71.72241393606694
10467.0,5,152.071160953294
10467.0,6,231.51059613068452
10467.0,7,158.47619260268465
10467.0,8,149.12872673980826
10467.0,9,149.60472428518386
10468.0,1,45.72820626299203
10468.0,2,71.0748658221665
10468.0,3,105.15679209253769
10468.0,4,60.757997318381264
10468.0,5,104.49204920004824
10468.0,6,122.7255844871882
10468.0,7,87.06686999779208
10468.0,8,109.3626914717597
10468.0,9,104.42715272520806
10469.0,1,37.2365768566494
10469.0,2,68.6868969135802
10469.0,3,81.62648989898982
10469.0,4,94.3491094884871
10469.0,5,134.17394130862095
10469.0,6,133.52659354052406
10469.0,7,144.40934861111108
10469.0,8,124.3361824710054
10469.0,9,178.0125888314461
10470.0,1,59.246034005535776
10470.0,2,107.62345754290882
10470.0,3,96.95075728770597
10470.0,4,47.006601608187125
10470.0,5,151.79041067333753
10470.0,6,138.70859358144557
10470.0,7,135.8799131944444
10470.0,8,131.80700012512526
10470.0,9,151.3814481576692
10471.0,1,23.062135265700487
10471.0,2,57.08789405684753
10471.0,3,86.47394290123457
10471.0,4,65.40718739381587
10471.0,5,91.57308357176919
10471.0,6,67.1873939814814
10471.0,7,75.69685051958434
10471.0,8,96.96069877675836
10471.0,9,179.91042658730146
10472.0,1,35.320482329780155
10472.0,2,66.9022393777026
10472.0,3,85.76627672209028
10472.0,4,102.56805634996275
10472.0,5,137.33747596464076
10472.0,6,166.2255221837162
10472.0,7,86.13963496388563
10472.0,8,69.47645235165433
10472.0,9,96.97147166728338
10473.0,1,34.31992515163244
10473.0,2,56.45084390276133
10473.0,3,68.8526227317922
10473.0,4,53.95458015267182
10473.0,5,70.58281184103802
10473.0,6,82.3058308379303
10473.0,7,75.11303009406612
10473.0,8,85.31809965256903
10473.0,9,91.90991823832735
10474.0,1,42.66297368421049
10474.0,2,87.05912712191352
10474.0,3,114.63715736040596
10474.0,4,119.72554240631156
10474.0,5,120.26168116348686
10474.0,6,201.0373883736905
10474.0,7,182.37373608382418
10474.0,8,133.8816660830999
10474.0,9,140.2113991323211
10475.0,1,42.740776276276286
10475.0,2,69.40680158730156
10475.0,3,67.59427612556799
10475.0,4,68.42512332872293
10475.0,5,123.59823606989778
10475.0,6,138.27215062317674
10475.0,7,164.28877677806338
10475.0,8,139.9917693971345
10475.0,9,95.22111629111626
11001.0,1,51.990697399527185
11001.0,2,69.09285052910053
11001.0,3,85.85797281323876
11001.0,4,13.916926328502415
11001.0,5,331.9105487804878
11001.0,6,71.85978737997253
11001.0,7,93.59551388888887
11001.0,8,116.99777199074072
11001.0,9,459.69732638888905
11004.0,1,44.82057563587684
11004.0,2,65.38850529100532
11004.0,3,153.31870580808084
11004.0,4,69.87938786008232
11004.0,5,434.39316993464035
11004.0,6,154.6604817708333
11004.0,7,180.32279940801456
11004.0,8,266.50245592149025
11004.0,9,339.72782169521304
11005.0,1,25.450648148148147
11005.0,3,9.550555555555556
11005.0,4,7.938611111111111
11005.0,5,0.42727777777777776
11005.0,6,7.679444444444443
11005.0,7,106.35314814814815
11005.0,8,299.523125
11005.0,9,0.5223333333333333
11040.0,1,40.52827777777778
11040.0,2,33.3574358974359
11040.0,3,101.08681524547805
11040.0,4,175.4353917378918
11040.0,5,419.9182279693488
11040.0,6,194.9648108747045
11040.0,7,110.77788807189546
11040.0,8,129.6531528791565
11040.0,9,157.1370713305898
11101.0,1,35.8098916712279
11101.0,2,47.415651187803945
11101.0,3,60.66456107730443
11101.0,4,64.5392415976925
11101.0,5,87.67885960631186
11101.0,6,56.39295285254781
11101.0,7,57.821509142790596
11101.0,8,131.6561593469607
11101.0,9,152.47129899257305
11102.0,1,35.229429744525554
11102.0,2,43.637038647342976
11102.0,3,74.78684375552012
11102.0,4,65.02124252311035
11102.0,5,89.37239985693836
11102.0,6,71.69333200042638
11102.0,7,73.16995156081809
11102.0,8,140.32363509593938
11102.0,9,211.67604312784562
11103.0,1,27.826772335312423
11103.0,2,64.41376062537952
11103.0,3,54.922552800734636
11103.0,4,65.70881882770871
11103.0,5,74.0683209693373
11103.0,6,64.71345635251596
11103.0,7,61.67826518995587
11103.0,8,171.80895195195205
11103.0,9,309.68108265027337
11104.0,1,42.29579905437348
11104.0,2,89.45210918331584
11104.0,3,105.25292307692321
11104.0,4,66.5142565558259
11104.0,5,78.0122650683612
11104.0,6,58.386318856928035
11104.0,7,99.29786805555555
11104.0,8,214.46439981785042
11104.0,9,189.5497373658706
11105.0,1,37.36954383282365
11105.0,2,59.189567848294224
11105.0,3,60.188070330969296
11105.0,4,74.02466115900359
11105.0,5,73.12785153348207
11105.0,6,62.53381389776348
11105.0,7,58.90549235993209
11105.0,8,161.81048898750802
11105.0,9,286.42289634773647
11106.0,1,35.91672608695649
11106.0,2,53.61990600448942
11106.0,3,71.44474648985968
11106.0,4,60.248831658291465
11106.0,5,93.98330334595967
11106.0,6,55.95766850589632
11106.0,7,113.35556531221317
11106.0,8,168.9208206283207
11106.0,9,214.46116283524907
11109.0,1,26.7935
11109.0,2,126.75905864197532
11109.0,3,76.8801388888889
11109.0,4,26.653684640522872
11109.0,5,3.292921146953404
11109.0,6,7.7703928571428555
11109.0,7,5.341048722519311
11109.0,8,7.469291732490789
11109.0,9,29.155867063492053
11201.0,1,32.06104455791213
11201.0,2,53.315410530007014
11201.0,3,67.40312974166892
11201.0,4,102.29871389370305
11201.0,5,96.83487823439879
11201.0,6,104.82727996056882
11201.0,7,96.12091554916992
11201.0,8,107.67365690074469
11201.0,9,125.35385162104917
11203.0,1,54.239803734061965
11203.0,2,81.56757710468132
11203.0,3,88.50032639478898
11203.0,4,73.18201100737664
11203.0,5,94.45642571884981
11203.0,6,98.04365103595883
11203.0,7,150.65597255818972
11203.0,8,147.94706288216807
11203.0,9,188.97739386992708
11204.0,1,32.041549503414075
11204.0,2,50.58268134847549
11204.0,3,77.24799706314248
11204.0,4,66.18315673289186
11204.0,5,76.62684565958543
11204.0,6,74.40433048946572
11204.0,7,120.70641956138324
11204.0,8,177.67270477529996
11204.0,9,244.03372091759056
11205.0,1,33.24869808429118
11205.0,2,62.37508756567421
11205.0,3,68.63929388083739
11205.0,4,57.06193904720792
11205.0,5,88.49473741543383
11205.0,6,166.4524437521636
11205.0,7,102.71999698067623
11205.0,8,175.34706777316717
11205.0,9,174.45137171717167
11206.0,1,34.560554854096516
11206.0,2,73.87811328714804
11206.0,3,90.86677196149209
11206.0,4,77.1177875392583
11206.0,5,68.97425368634555
11206.0,6,78.62848196979967
11206.0,7,113.94293808185975
11206.0,8,112.44863106517366
11206.0,9,148.14329421526793
11207.0,1,43.1439653398609
11207.0,2,67.38258067599605
11207.0,3,85.64163594324083
11207.0,4,74.77145504410356
11207.0,5,115.05940585659539
11207.0,6,104.50346870718894
11207.0,7,156.2036467143783
11207.0,8,152.47951478337217
11207.0,9,157.80032053845116
11208.0,1,43.04251088888884
11208.0,2,73.56437860401063
11208.0,3,68.90702504616812
11208.0,4,82.11749924448468
11208.0,5,90.40153099474085
11208.0,6,86.3114562460129
11208.0,7,106.76496636182077
11208.0,8,131.56229012506907
11208.0,9,144.62758593602103
11209.0,1,34.11809025494922
11209.0,2,57.999116788896806
11209.0,3,72.45502836463228
11209.0,4,53.20586248131528
11209.0,5,63.74423182441708
11209.0,6,114.18916483039533
11209.0,7,98.83012556621365
11209.0,8,137.7337568694334
11209.0,9,234.6635146777281
11210.0,1,58.57186003037732
11210.0,2,97.02283385362473
11210.0,3,83.37700217536828
11210.0,4,83.05429818435748
11210.0,5,75.78640491984528
11210.0,6,129.93008816837332
11210.0,7,184.65301676966683
11210.0,8,174.09943617827366
11210.0,9,257.9844646950944
11211.0,1,48.24614170762265
11211.0,2,58.07643056739604
11211.0,3,80.10576283586052
11211.0,4,83.60174621098075
11211.0,5,99.17444224277108
11211.0,6,89.85893643384043
11211.0,7,118.47601649305561
11211.0,8,114.29132839696398
11211.0,9,144.42213103467643
11212.0,1,45.24711933350733
11212.0,2,72.2895029761904
11212.0,3,90.16255141710555
11212.0,4,70.67618421052642
11212.0,5,61.45862916096677
11212.0,6,157.8684647342993
11212.0,7,156.8090036786425
11212.0,8,142.54461467678846
11212.0,9,223.36900167486283
11213.0,1,49.451365677666786
11213.0,2,75.43607910906299
11213.0,3,73.57951973194324
11213.0,4,71.34100762527231
11213.0,5,72.4179671553831
11213.0,6,125.54703415568628
11213.0,7,139.19824249909985
11213.0,8,155.6672293375746
11213.0,9,161.1920392557959
11214.0,1,25.56517468123861
11214.0,2,44.80905573094801
11214.0,3,54.810848171889944
11214.0,4,76.03801981499001
11214.0,5,100.13526186342594
11214.0,6,76.49605548187455
11214.0,7,131.05526095295778
11214.0,8,130.91052103497236
11214.0,9,222.43902903355468
11215.0,1,38.00352844801909
11215.0,2,68.5839382904247
11215.0,3,78.39632421835213
11215.0,4,108.95517184265017
11215.0,5,91.38078795509387
11215.0,6,115.11082266505626
11215.0,7,140.94415644741738
11215.0,8,173.08469294136
11215.0,9,169.75870464492445
11216.0,1,45.50323977440434
11216.0,2,80.38985696329824
11216.0,3,88.58902823691464
11216.0,4,76.49270990566049
11216.0,5,73.1279117605081
11216.0,6,105.60061659547522
11216.0,7,154.01733396498827
11216.0,8,131.94056638392587
11216.0,9,161.73724775224798
11217.0,1,34.24623839907195
11217.0,2,64.51267867291848
11217.0,3,70.95777220911944
11217.0,4,96.08673322174391
11217.0,5,129.28788204318056
11217.0,6,83.34539077584704
11217.0,7,143.41297387068195
11217.0,8,168.94454592523581
11217.0,9,181.06413568272453
11218.0,1,42.90204915918708
11218.0,2,66.66327755466304
11218.0,3,86.43131724269254
11218.0,4,71.36881908086112
11218.0,5,79.17545320424148
11218.0,6,102.8103847205138
11218.0,7,139.04991431924876
11218.0,8,160.78941386340466
11218.0,9,191.56245913370995
11219.0,1,46.13491733847405
11219.0,2,67.44652487358218
11219.0,3,96.7706091772152
11219.0,4,78.3898545431245
11219.0,5,89.54688122412452
11219.0,6,106.17999075443778
11219.0,7,130.5090115965481
11219.0,8,137.25124372318098
11219.0,9,161.63703352347906
11220.0,1,32.013572461802646
11220.0,2,64.7834449660928
11220.0,3,69.20377387837351
11220.0,4,110.60035484417335
11220.0,5,89.21600119165011
11220.0,6,77.17685310522025
11220.0,7,85.80391112329455
11220.0,8,111.7792796326703
11220.0,9,181.2335602068695
11221.0,1,40.20386309134517
11221.0,2,68.05322276159659
11221.0,3,82.36973607772433
11221.0,4,61.68793105929762
11221.0,5,43.85960957205759
11221.0,6,95.18354386927348
11221.0,7,127.79285439271911
11221.0,8,117.54989017867307
11221.0,9,124.04204563927502
11222.0,1,45.5438094729344
11222.0,2,70.14031259259251
11222.0,3,100.47181754596312
11222.0,4,74.51604341736689
11222.0,5,59.34995124716544
11222.0,6,78.87782254584691
11222.0,7,161.59485487766872
11222.0,8,106.86349155085797
11222.0,9,151.2739793755604
11223.0,1,36.435061626195704
11223.0,2,51.76307685107173
11223.0,3,80.16308128009082
11223.0,4,82.9766293209877
11223.0,5,93.11720497049701
11223.0,6,98.39165698378122
11223.0,7,170.26062143996333
11223.0,8,172.02543204053111
11223.0,9,250.3705207885299
11224.0,1,47.73224248564671
11224.0,2,52.03106356356354
11224.0,3,66.26803712179
11224.0,4,65.15490721882776
11224.0,5,74.77624212137573
11224.0,6,80.7622239840262
11224.0,7,102.69915610088597
11224.0,8,121.08182138744971
11224.0,9,177.3571325020279
11225.0,1,37.927852914389774
11225.0,2,80.48083472338065
11225.0,3,72.66805463147777
11225.0,4,55.33352232369348
11225.0,5,82.19201010933979
11225.0,6,101.53821378340359
11225.0,7,194.93006772486774
11225.0,8,139.37293564356432
11225.0,9,121.7793632180083
11226.0,1,46.78367942739662
11226.0,2,79.30823850129204
11226.0,3,69.81499821195662
11226.0,4,46.765878273332355
11226.0,5,70.37028547924119
11226.0,6,83.01503141234754
11226.0,7,199.40330730557102
11226.0,8,162.0251790566241
11226.0,9,151.44034189551755
11228.0,1,25.797401090774645
11228.0,2,61.12436085150575
11228.0,3,103.0564929378531
11228.0,4,87.88680472719251
11228.0,5,77.45950471333637
11228.0,6,52.75864152275448
11228.0,7,141.30471266564734
11228.0,8,152.43919772079786
11228.0,9,232.02213908313922
11229.0,1,44.460554412437126
11229.0,2,65.99406883818355
11229.0,3,72.99818606321845
11229.0,4,97.39760557286253
11229.0,5,86.58082078241915
11229.0,6,106.51490265189678
11229.0,7,220.190580657768
11229.0,8,156.39581303063844
11229.0,9,237.8513326058658
11230.0,1,45.05578577285777
11230.0,2,63.36761081334006
11230.0,3,83.76399566587865
11230.0,4,73.746633268841
11230.0,5,80.79198924731205
11230.0,6,135.10314932358776
11230.0,7,177.6074162037034
11230.0,8,214.5563582495086
11230.0,9,266.2314558175198
11231.0,1,42.86407169990503
11231.0,2,66.9393441064639
11231.0,3,66.98185313341024
11231.0,4,82.95557893990933
11231.0,5,84.33964260211361
11231.0,6,174.49594596235556
11231.0,7,132.54092620995237
11231.0,8,125.84009214256777
11231.0,9,209.67320707070698
11232.0,1,37.15045851729211
11232.0,2,65.02207215836523
11232.0,3,72.97325715174125
11232.0,4,64.99470970433953
11232.0,5,66.77370667458909
11232.0,6,139.52532231193163
11232.0,7,107.50337652439026
11232.0,8,124.90706740740745
11232.0,9,143.39373327319205
11233.0,1,47.06514118158123
11233.0,2,81.74614946102828
11233.0,3,90.38594771241831
11233.0,4,94.6861436965813
11233.0,5,78.34224973876708
11233.0,6,147.62621362433913
11233.0,7,150.34749110602905
11233.0,8,131.6616112819634
11233.0,9,193.9897222222222
11234.0,1,101.68883898394598
11234.0,2,222.95123993831322
11234.0,3,117.55132341867458
11234.0,4,125.98547719412022
11234.0,5,78.99376914144716
11234.0,6,74.00513174453357
11234.0,7,116.58059947814736
11234.0,8,147.66225119226914
11234.0,9,293.5176375850597
11235.0,1,44.36051497277677
11235.0,2,66.01084642531885
11235.0,3,80.2243967931346
11235.0,4,77.59275384615374
11235.0,5,94.59066108879964
11235.0,6,87.56246984974284
11235.0,7,139.89617521367552
11235.0,8,194.44545540123474
11235.0,9,251.8129232435775
11236.0,1,46.24422261658283
11236.0,2,65.09061200923787
11236.0,3,86.88143833888373
11236.0,4,98.77497040365131
11236.0,5,77.66032739922225
11236.0,6,90.15500062874108
11236.0,7,119.58861099429973
11236.0,8,127.23482210840288
11236.0,9,189.845829037801
11237.0,1,49.218123020063416
11237.0,2,97.43879119945643
11237.0,3,92.60134657678346
11237.0,4,89.44026372155307
11237.0,5,75.30646280253036
11237.0,6,91.15096883792543
11237.0,7,148.52023864374726
11237.0,8,106.77535758444326
11237.0,9,117.65696403232741
11238.0,1,40.49153254041807
11238.0,2,52.647754165552826
11238.0,3,68.87117285986525
11238.0,4,80.99827980014281
11238.0,5,108.99345781249991
11238.0,6,90.12879779626375
11238.0,7,125.05425551470574
11238.0,8,155.0273307394274
11238.0,9,121.29482577829886
11239.0,1,52.182905228758166
11239.0,2,70.71904000000004
11239.0,3,40.73715007215007
11239.0,4,67.67550256904306
11239.0,5,95.68190258751902
11239.0,6,60.74634527089077
11239.0,7,146.6881890730509
11239.0,8,179.91809444444442
11239.0,9,146.08376347866852
11241.0,3,15.787896825396825
11241.0,4,9.928842592592593
11241.0,5,65.62916666666666
11241.0,6,73.03833333333333
11241.0,7,23.528055555555557
11241.0,8,47.719166666666666
11242.0,1,21.766666666666666
11242.0,2,24.95
11242.0,6,348.50357142857143
11242.0,7,680.1683333333333
11249.0,1,39.12568344907412
11249.0,2,83.0416244096446
11249.0,3,76.02361814345981
11249.0,4,47.25312997453036
11249.0,5,51.92198549257757
11249.0,6,42.65006638714202
11249.0,7,75.64280707395497
11249.0,8,97.56682575935038
11249.0,9,151.63525799793612
11251.0,2,3.7594444444444446
11251.0,3,1.0716666666666668
11251.0,4,1.27125
11251.0,5,743.4303703703704
11251.0,9,120.85583333333334
11354.0,1,44.69123800680909
11354.0,2,70.61219726247982
11354.0,3,74.09339377380364
11354.0,4,98.67576168040837
11354.0,5,102.50236863896413
11354.0,6,109.16068735298208
11354.0,7,245.42768049004187
11354.0,8,207.63810706232073
11354.0,9,315.7219811565953
11355.0,1,40.46037348796602
11355.0,2,61.10019047619049
11355.0,3,79.86736761904758
11355.0,4,90.00510715011177
11355.0,5,119.87221332404843
11355.0,6,138.0737518768769
11355.0,7,170.54116912972043
11355.0,8,256.04807756410247
11355.0,9,302.53578880973583
11356.0,1,22.13765748792272
11356.0,2,40.26555509641867
11356.0,3,47.67742675781237
11356.0,4,79.1950247384789
11356.0,5,82.73183744221865
11356.0,6,68.25331828856604
11356.0,7,185.69485337715918
11356.0,8,150.54721459251732
11356.0,9,303.5631883926408
11357.0,1,30.783465846085605
11357.0,2,65.92253895663951
11357.0,3,91.54241555130656
11357.0,4,111.8139382983851
11357.0,5,114.92225201542252
11357.0,6,86.00836297137091
11357.0,7,173.8658615477629
11357.0,8,184.4060062293415
11357.0,9,315.52131370523404
11358.0,1,25.82377017058553
11358.0,2,54.20781337648326
11358.0,3,99.6688959143969
11358.0,4,75.90232780612249
11358.0,5,99.89895768431974
11358.0,6,139.47828647014367
11358.0,7,143.23821209330876
11358.0,8,218.43624308118075
11358.0,9,353.5206314790481
11359.0,1,0.029583333333333336
11359.0,4,1.4238071895424835
11359.0,5,81.87233333333333
11359.0,6,4.223657407407408
11359.0,7,748.9635555555557
11359.0,8,51.82675925925926
11359.0,9,15.499722222222225
11360.0,1,30.67729897660819
11360.0,2,74.19504888888886
11360.0,3,95.01960514233242
11360.0,4,44.42724878264715
11360.0,5,82.24403491436095
11360.0,6,153.4498816641753
11360.0,7,365.29965710215725
11360.0,8,161.9572463768117
11360.0,9,645.6200071592214
11361.0,1,43.32809440559438
11361.0,2,73.10756481481486
11361.0,3,69.0138457109959
11361.0,4,122.49282649253742
11361.0,5,159.1248652365237
11361.0,6,120.5043278670236
11361.0,7,162.95267108479055
11361.0,8,182.77371044193515
11361.0,9,400.13535654362414
11362.0,1,45.35397190293744
11362.0,2,92.1086483739837
11362.0,3,84.76545751633984
11362.0,4,156.66703409758966
11362.0,5,222.51234027777775
11362.0,6,111.46882374631267
11362.0,7,210.07119877482037
11362.0,8,214.7856409704278
11362.0,9,414.48780801209364
11363.0,1,48.22532029478458
11363.0,2,66.83149936868688
11363.0,3,89.44279547930284
11363.0,4,212.65706580366785
11363.0,5,183.5552418300654
11363.0,6,245.24192993366518
11363.0,7,453.2605592347317
11363.0,8,184.41550965160064
11363.0,9,782.1997152428811
11364.0,1,49.6903065670713
11364.0,2,75.38604947652826
11364.0,3,102.49720277777773
11364.0,4,125.00120772946856
11364.0,5,169.3109935290404
11364.0,6,97.8414008026085
11364.0,7,201.6902850637523
11364.0,8,176.49230847709126
11364.0,9,358.6586122112209
11365.0,1,30.579860546522134
11365.0,2,52.02173136992406
11365.0,3,66.41480392156873
11365.0,4,69.72810760464618
11365.0,5,79.538580191502
11365.0,6,106.60973743300013
11365.0,7,115.92040743108846
11365.0,8,125.44549304015774
11365.0,9,257.0419457319431
11366.0,1,14.109216392318247
11366.0,2,24.665656199677954
11366.0,3,32.40250850340141
11366.0,4,37.34288888888888
11366.0,5,25.44131384742953
11366.0,6,33.462085410176506
11366.0,7,90.14472061191624
11366.0,8,49.4733107468123
11366.0,9,88.81099269368619
11367.0,1,40.88349728997292
11367.0,2,122.0313484848483
11367.0,3,84.99867174867178
11367.0,4,123.29654829545463
11367.0,5,98.048661412922
11367.0,6,83.69796344271734
11367.0,7,72.30338633686695
11367.0,8,194.76542571306933
11367.0,9,308.87403768554566
11368.0,1,25.116455626270657
11368.0,2,53.11126239627603
11368.0,3,58.658475318836594
11368.0,4,52.92367612293154
11368.0,5,64.7512527604265
11368.0,6,57.349994402149484
11368.0,7,93.03972595615306
11368.0,8,93.71306821779028
11368.0,9,172.093012296973
11369.0,1,29.44880977130975
11369.0,2,59.18637853692199
11369.0,3,88.55849987430882
11369.0,4,225.05562031356547
11369.0,5,152.38327047850774
11369.0,6,111.544333744856
11369.0,7,58.40661307961503
11369.0,8,147.09617781947043
11369.0,9,195.07156594450777
11370.0,1,28.58391889276034
11370.0,2,46.68053991905816
11370.0,3,78.11599761051379
11370.0,4,118.19914839181284
11370.0,5,121.79154479847493
11370.0,6,53.75929663608564
11370.0,7,87.52189181768264
11370.0,8,133.9717114814815
11370.0,9,202.1969197327475
11371.0,1,61.614
11371.0,2,12.16986111111111
11371.0,3,0.043333333333333335
11371.0,4,4.800138888888888
11371.0,5,504.7347222222222
11371.0,6,271.2396527777778
11371.0,8,53.857592592592596
11371.0,9,787.85
11372.0,1,42.543069564028926
11372.0,2,71.69899582104237
11372.0,3,76.110176847004
11372.0,4,72.04584100306784
11372.0,5,55.2189756799406
11372.0,6,80.86801164816
11372.0,7,47.842463350950126
11372.0,8,172.34650675578573
11372.0,9,208.8768007812501
11373.0,1,33.569755382938126
11373.0,2,60.8048379431613
11373.0,3,78.49145172700814
11373.0,4,80.86516420534458
11373.0,5,69.80707217360559
11373.0,6,79.16962595479968
11373.0,7,83.43066120999043
11373.0,8,124.52629948736973
11373.0,9,273.9724643911763
11374.0,1,37.15933398583151
11374.0,2,63.19902554483742
11374.0,3,70.2888749000799
11374.0,4,69.23821831597216
11374.0,5,121.9422042106949
11374.0,6,96.1039858285516
11374.0,7,140.86000037947784
11374.0,8,167.98923172869488
11374.0,9,232.79074444444436
11375.0,1,46.06944625525135
11375.0,2,76.19368169934647
11375.0,3,87.68239197530892
11375.0,4,92.93187231430319
11375.0,5,83.72022605573814
11375.0,6,78.94415843979856
11375.0,7,140.8028695480561
11375.0,8,166.69927800813943
11375.0,9,266.24113497942386
11377.0,1,32.298085046404765
11377.0,2,68.1861828207519
11377.0,3,67.47458898721744
11377.0,4,69.25244975262825
11377.0,5,85.63240631808274
11377.0,6,65.35673389561188
11377.0,7,57.663031557814165
11377.0,8,117.69906039699879
11377.0,9,206.5164765140677
11378.0,1,20.043243794326237
11378.0,2,47.47550655396306
11378.0,3,57.03049198092765
11378.0,4,68.95814023297487
11378.0,5,107.70056361682121
11378.0,6,75.30820148009174
11378.0,7,72.27184139784944
11378.0,8,137.30537655279483
11378.0,9,296.50743333333327
11379.0,1,24.433505411804497
11379.0,2,54.02895857872006
11379.0,3,70.69997631734756
11379.0,4,93.07956941206926
11379.0,5,69.8289304556356
11379.0,6,112.51360516372793
11379.0,7,103.95576528599607
11379.0,8,110.82243447425218
11379.0,9,342.6245523708424
11385.0,1,30.3921399098985
11385.0,2,48.454720453688005
11385.0,3,54.47178525690261
11385.0,4,53.45979052140587
11385.0,5,76.61679177708638
11385.0,6,88.13698217062516
11385.0,7,95.12777197417796
11385.0,8,114.01714926712552
11385.0,9,208.97854306185639
11411.0,1,43.89804687499998
11411.0,2,74.83752450980388
11411.0,3,74.74295366795369
11411.0,4,66.63905948067634
11411.0,5,168.1336204047914
11411.0,6,81.16245731877977
11411.0,7,68.28324463118574
11411.0,8,169.64552855573842
11411.0,9,216.98635609997518
11412.0,1,41.85623475960437
11412.0,2,68.82944163860843
11412.0,3,90.6736932255581
11412.0,4,124.91639934289141
11412.0,5,86.08351106853985
11412.0,6,116.23245525337046
11412.0,7,146.26306132361862
11412.0,8,170.18430450248079
11412.0,9,320.7112634939439
11413.0,1,38.30552732405731
11413.0,2,63.40080968096812
11413.0,3,87.83739803791879
11413.0,4,127.48713700426066
11413.0,5,197.42540053019832
11413.0,6,71.97687071708278
11413.0,7,102.26566468253971
11413.0,8,125.49755138215767
11413.0,9,270.6061856162844
11414.0,1,34.33992995861194
11414.0,2,81.38426492819346
11414.0,3,61.68751839587938
11414.0,4,101.18396285338595
11414.0,5,132.0389752791066
11414.0,6,60.15074013456983
11414.0,7,83.38037457230335
11414.0,8,154.58237126572314
11414.0,9,254.09736159003842
11415.0,1,39.02417048229549
11415.0,2,90.89326864535762
11415.0,3,94.61679221594473
11415.0,4,32.52033462033463
11415.0,5,38.112575604838796
11415.0,6,91.09934895833338
11415.0,7,120.46572153422763
11415.0,8,203.99143682399202
11415.0,9,354.668583788707
11416.0,1,35.4787211328976
11416.0,2,69.59683409436838
11416.0,3,45.093438775510265
11416.0,4,59.35177672955975
11416.0,5,98.85249859943991
11416.0,6,55.93702731737261
11416.0,7,51.702016717769055
11416.0,8,144.85603415346583
11416.0,9,192.8439542110602
11417.0,1,26.54208954561592
11417.0,2,49.08059234731423
11417.0,3,62.93622571490937
11417.0,4,143.57887127761768
11417.0,5,114.1134705882353
11417.0,6,45.45147949937704
11417.0,7,97.15096725204336
11417.0,8,194.66442014901196
11417.0,9,192.89439210244436
11418.0,1,39.69570040022876
11418.0,2,84.47266462622879
11418.0,3,62.38528604497351
11418.0,4,67.00092489482807
11418.0,5,129.70552417027415
11418.0,6,84.44843631585393
11418.0,7,88.21540767166735
11418.0,8,178.55847589023685
11418.0,9,246.15996499363476
11419.0,1,28.99272469714735
11419.0,2,46.14779703282831
11419.0,3,46.131765741616725
11419.0,4,89.16756835369405
11419.0,5,101.24928669724774
11419.0,6,62.376582840236566
11419.0,7,52.63841809441194
11419.0,8,151.63008088040309
11419.0,9,179.66890820046925
11420.0,1,24.85032599020912
11420.0,2,46.3774395962486
11420.0,3,57.83769928315409
11420.0,4,111.57967046894802
11420.0,5,140.24110196008968
11420.0,6,72.24697893732568
11420.0,7,52.67920424307795
11420.0,8,159.84281303214053
11420.0,9,276.8298354166668
11421.0,1,26.51295317675399
11421.0,2,56.497730654761845
11421.0,3,95.95709466459468
11421.0,4,66.7917363196529
11421.0,5,85.53863065061265
11421.0,6,128.16578816621495
11421.0,7,41.45704026196322
11421.0,8,121.45847862729234
11421.0,9,181.18086869374486
11422.0,1,41.3372689768977
11422.0,2,70.34341996233518
11422.0,3,66.87751957494415
11422.0,4,129.95330675172772
11422.0,5,155.11525230111755
11422.0,6,90.72444050433414
11422.0,7,68.9755231227106
11422.0,8,161.76013147489127
11422.0,9,260.9372643343052
11423.0,1,31.96252428658164
11423.0,2,67.27101298309181
11423.0,3,87.58670692431564
11423.0,4,115.98460591133018
11423.0,5,102.63698221247571
11423.0,6,114.08278800272679
11423.0,7,125.49815072393042
11423.0,8,154.26280424635698
11423.0,9,249.8178118762478
11426.0,1,42.73976483585859
11426.0,2,91.83929824561399
11426.0,3,110.30232804232796
11426.0,4,107.9247797619047
11426.0,5,219.28533261802573
11426.0,6,171.86752002786503
11426.0,7,162.73590183509324
11426.0,8,195.41519000598458
11426.0,9,341.94467139852776
11427.0,1,46.73197811447813
11427.0,2,79.30550862506344
11427.0,3,90.94765690376576
11427.0,4,180.4017735890653
11427.0,5,123.56940288713905
11427.0,6,166.62804552747698
11427.0,7,83.51600724637669
11427.0,8,214.29430226674793
11427.0,9,358.1072029914531
11428.0,1,30.724867149758463
11428.0,2,52.85430839002268
11428.0,3,53.8435093299406
11428.0,4,51.28560269360271
11428.0,5,242.5250050322059
11428.0,6,160.96445075757578
11428.0,7,146.13166002415477
11428.0,8,182.61641452274426
11428.0,9,361.20662627392494
11429.0,1,37.686055188852244
11429.0,2,85.0712153996102
11429.0,3,67.1718583435835
11429.0,4,78.61232334307992
11429.0,5,118.30032294911729
11429.0,6,76.38033824975413
11429.0,7,76.18349199459875
11429.0,8,151.25310217560204
11429.0,9,244.84165234822441
11430.0,1,36.12204636290966
11430.0,2,279.13618724279826
11430.0,3,530.0928883744854
11430.0,4,1289.1681810699586
11430.0,5,1625.6882832422589
11430.0,6,1278.777300838574
11430.0,7,141.83288194444444
11430.0,8,173.33097222222221
11430.0,9,494.6310130718955
11432.0,1,38.91695904686048
11432.0,2,68.12023788416072
11432.0,3,94.51407721831887
11432.0,4,114.14080026455015
11432.0,5,128.69002312312298
11432.0,6,84.82095938375355
11432.0,7,87.39554896083123
11432.0,8,152.4394892367266
11432.0,9,278.21877383080135
11433.0,1,34.971092160382995
11433.0,2,55.62728676611211
11433.0,3,64.20390667344181
11433.0,4,100.05646786492362
11433.0,5,129.04997771410362
11433.0,6,81.01704048876465
11433.0,7,131.4119879818597
11433.0,8,144.51578686720475
11433.0,9,197.64569409751155
11434.0,1,36.13843593945076
11434.0,2,81.06966447765699
11434.0,3,77.10902677617534
11434.0,4,104.17674197530862
11434.0,5,109.81194663660253
11434.0,6,90.55251111905336
11434.0,7,139.56893286426282
11434.0,8,145.41708121164635
11434.0,9,301.93555844907445
11435.0,1,39.158134057971004
11435.0,2,57.6705914205345
11435.0,3,87.30103262353263
11435.0,4,65.68419462193836
11435.0,5,92.4778891708968
11435.0,6,76.09869715603378
11435.0,7,88.86468634442681
11435.0,8,139.08928785580116
11435.0,9,280.38352629007915
11436.0,1,39.4752219029374
11436.0,2,54.14556448731693
11436.0,3,56.63134713701435
11436.0,4,92.9737405468296
11436.0,5,112.87965945165944
11436.0,6,94.81732034273078
11436.0,7,144.86482100779403
11436.0,8,137.70661092836266
11436.0,9,250.95745618386232
11691.0,1,43.422728691019735
11691.0,2,77.13162526129608
11691.0,3,109.83048908480251
11691.0,4,91.34417714884684
11691.0,5,106.43669350341555
11691.0,6,155.43427809549763
11691.0,7,143.34590956187074
11691.0,8,212.12479958738564
11691.0,9,463.8833148725047
11692.0,1,42.19163391557494
11692.0,2,72.70331081081082
11692.0,3,91.28247594997596
11692.0,4,78.49419472502807
11692.0,5,160.80409570154112
11692.0,6,146.76399362477216
11692.0,7,66.80849196453315
11692.0,8,207.10613018925525
11692.0,9,722.8973276748974
11693.0,1,52.867536231884024
11693.0,2,49.3126060220526
11693.0,3,57.426433276059576
11693.0,4,64.18472871994803
11693.0,5,47.3123725895317
11693.0,6,50.5849909495962
11693.0,7,88.47139140044203
11693.0,8,161.36145894788595
11693.0,9,260.07473520249226
11694.0,1,41.60186843093096
11694.0,2,107.32430652006167
11694.0,3,113.63913759689905
11694.0,4,105.95363522686672
11694.0,5,79.78912545787549
11694.0,6,62.53129334748757
11694.0,7,46.3726771125116
11694.0,8,87.68398037258814
11694.0,9,260.585550076704
11695.0,1,11.330694444444445
11695.0,4,44.99768518518519
11695.0,5,418.2311111111111
11695.0,6,12.893888888888888
11695.0,7,3.366990740740741
11695.0,8,23.046944444444446
11695.0,9,16.37472222222222
11697.0,1,263.13368055555554
11697.0,2,299.65212962962966
11697.0,3,16.24361111111111
11697.0,4,21.905578703703707
11697.0,5,159.54246212121214
11697.0,6,71.44274904214559
11697.0,7,70.90733228511529
11697.0,8,191.1945436507937
11697.0,9,182.1789285714286
12345.0,1,2.250925925925926
12345.0,2,18.609055555555557
12345.0,3,5.338888888888889
12345.0,5,0.6030555555555556
12345.0,6,0.18244444444444446
12345.0,7,323.70909722222217
12345.0,8,0.6279861111111111
12345.0,9,1.027388888888889
